coating_id,order_date,actual,prediction
1,3/3/2025,0.8820615773115773,0.38869813
1,3/4/2025,0.1818584656084656,2.3075027
1,3/5/2025,1.7010416586229324,2.6446042
1,3/6/2025,5.4929542910792915,1.6379218
1,3/7/2025,5.017788534931342,3.77143
1,3/10/2025,5.319307017057017,6.712183
1,3/11/2025,4.087528244631185,3.243818
1,3/12/2025,4.971286779219708,3.2887402
1,3/13/2025,1.4952339713581124,2.8971157
1,3/14/2025,0,3.0841808
1,3/17/2025,17.905705704306868,12.633028
1,3/18/2025,0.5158021284271284,2.9880807
1,3/19/2025,3.534636927886928,2.9490252
1,3/20/2025,1.6616739155198175,2.446686
1,3/21/2025,5.413474116122859,3.578938
1,3/24/2025,10.86655900656218,8.428529
1,3/25/2025,0.06510989,3.2211072
1,3/26/2025,0.5775107924482924,3.0293806
1,3/27/2025,5.718406802578796,2.461762
1,3/28/2025,0.8902861683267624,4.328932
1,3/31/2025,24.61495793277607,21.709982
110,3/3/2025,0.15445286195286195,0.52714694
110,3/4/2025,0.7671468762718763,1.1854535
110,3/5/2025,2.6147189847189845,0.7458363
110,3/6/2025,4.892873931623932,0.8817528
110,3/7/2025,0.4567387982387982,1.3464942
110,3/10/2025,0.3797449494949495,2.7067702
110,3/11/2025,0.042866666666666664,1.7566339
110,3/12/2025,4.582666666666666,1.3052794
110,3/13/2025,5.480133964183964,1.1384472
110,3/14/2025,5.057411713286713,1.0545639
110,3/17/2025,9.494720262145263,3.4873774
110,3/18/2025,0.1278564814814815,1.2158217
110,3/19/2025,3.7108742683242686,1.0020108
110,3/20/2025,0.261721621,1.0703671
110,3/21/2025,4.824608003108003,1.4868752
110,3/24/2025,0.783962999,3.4227579
110,3/25/2025,0.053232323232323235,1.6221324
110,3/26/2025,6.076334175084176,1.2435858
110,3/27/2025,0.4934983164983165,0.94503355
110,3/28/2025,0.4355271765271765,1.6172171
110,3/31/2025,14.210531963406964,13.59731
117,3/3/2025,0,0.46922398
117,3/4/2025,4.755705128205128,5.564388
117,3/5/2025,2.304508547008547,4.202556
117,3/6/2025,3.4316965441965444,3.6082206
117,3/7/2025,23.660320512820512,6.1901393
117,3/10/2025,0,4.9566545
117,3/11/2025,2.0154202279202282,7.843929
117,3/12/2025,26.234216524216524,6.920671
117,3/13/2025,2.9538603988603986,5.0588703
117,3/14/2025,1.8329273504273504,5.7306967
117,3/17/2025,13.684477725977725,5.570312
117,3/18/2025,10.838810541310542,6.068866
117,3/19/2025,3.192977207977208,5.2032623
117,3/20/2025,3.311232193732194,5.0410504
117,3/21/2025,18.18811965811966,6.8666534
117,3/24/2025,0,6.135034
117,3/25/2025,0,8.570761
117,3/26/2025,0,5.943176
117,3/27/2025,5.802498704998706,4.9243484
117,3/28/2025,1.6853988603988606,6.9080343
117,3/31/2025,14.934066951566951,7.8170733
12,3/3/2025,0,0.33932883
12,3/4/2025,9.019154478854478,1.1016916
12,3/5/2025,0.013179487179487179,0.8972547
12,3/6/2025,2.199391774891775,0.91920173
12,3/7/2025,0.723547656,1.3090487
12,3/10/2025,0.8499537037037037,2.0005403
12,3/11/2025,6.272558922558923,1.2761197
12,3/12/2025,0.160625,1.1041981
12,3/13/2025,10.447625152625152,1.0762086
12,3/14/2025,0.4469332611832612,1.1569452
12,3/17/2025,10.15331637020387,5.7326713
12,3/18/2025,0.001111111,1.3093457
12,3/19/2025,5.874578546453546,1.19572
12,3/20/2025,2.058959771709772,0.88135904
12,3/21/2025,0.4002690910280196,1.3961501
12,3/24/2025,0.13477110651023694,3.078082
12,3/25/2025,0.20144337606837606,1.5777733
12,3/26/2025,4.737001262626263,1.0862807
12,3/27/2025,0.37613643538214475,0.6872355
12,3/28/2025,0.019444444444444445,1.3874832
12,3/31/2025,93.26107631673882,39.22568
121,3/3/2025,1.3192205664705665,0.84582406
121,3/4/2025,2.1125036352536353,2.8220537
121,3/5/2025,9.809798534798535,2.4019754
121,3/6/2025,3.481167179590112,1.935725
121,3/7/2025,2.604816294816295,3.4724555
121,3/10/2025,5.205398142706966,5.4308634
121,3/11/2025,4.440025223959047,3.5315137
121,3/12/2025,1.38810989,3.5449405
121,3/13/2025,1.2301831501831502,4.201984
121,3/14/2025,1.2149466688282478,3.1618867
121,3/17/2025,17.558003788803788,10.723629
121,3/18/2025,4.532226731601732,2.8845978
121,3/19/2025,1.662485839950015,2.563867
121,3/20/2025,0.9419163614163615,2.6461632
121,3/21/2025,13.390527805527805,3.684672
121,3/24/2025,7.8787885910385915,7.9920573
121,3/25/2025,0.44309926184926185,4.14498
121,3/26/2025,3.214788614163614,3.1522648
121,3/27/2025,2.881787518037518,2.3299668
121,3/28/2025,3.4100869685869686,4.0928407
121,3/31/2025,81.78792007932543,28.050255
15,3/3/2025,0,0.5665512
15,3/4/2025,2.117792462167462,1.8113346
15,3/5/2025,0.7276793576793577,1.3235791
15,3/6/2025,1.0996230713730715,1.1309037
15,3/7/2025,11.388406070781071,2.3546753
15,3/10/2025,0.5760496632996633,3.6799052
15,3/11/2025,0.7240056702556703,2.3550575
15,3/12/2025,1.8583169626669627,1.9316279
15,3/13/2025,0.32899531024531026,2.3453932
15,3/14/2025,0.4654401709401709,2.1300607
15,3/17/2025,8.508966762504805,4.891238
15,3/18/2025,0.5820336792836793,1.7189578
15,3/19/2025,0.40113986013986014,1.2601869
15,3/20/2025,0.5986680876993377,1.1879947
15,3/21/2025,13.300342406436156,2.0270293
15,3/24/2025,0.5517153991841492,3.375607
15,3/25/2025,1.5002678802678804,2.4378664
15,3/26/2025,8.953257626632626,1.7017621
15,3/27/2025,1.3348499833499834,1.2959832
15,3/28/2025,0.2417470214970215,2.153378
15,3/31/2025,26.058315408434158,17.189827
16,3/3/2025,0.7159203574203574,0.62068087
16,3/4/2025,3.6365058737558735,2.0906425
16,3/5/2025,0.94542156,1.747959
16,3/6/2025,1.0656107734857736,1.2383205
16,3/7/2025,2.648613886113886,3.0367217
16,3/10/2025,4.3749190906315905,4.6833367
16,3/11/2025,3.800741355866356,2.0805876
16,3/12/2025,1.7741619722869721,2.1648774
16,3/13/2025,1.3254502025752026,1.83641
16,3/14/2025,1.0237018745143744,2.516936
16,3/17/2025,7.646758648758649,7.7880125
16,3/18/2025,1.766760101010101,2.241716
16,3/19/2025,1.5407926490176491,1.8838376
16,3/20/2025,1.515198287823288,1.5718507
16,3/21/2025,10.350764055389055,2.7514837
16,3/24/2025,8.356998488548488,5.50256
16,3/25/2025,1.4172940022940024,2.7511756
16,3/26/2025,2.1636562002812005,2.157832
16,3/27/2025,1.4612626262626263,1.5001869
16,3/28/2025,2.7751157268657267,3.1062214
16,3/31/2025,5.637197689,13.989429
2,3/3/2025,0.3567261904761905,0.3911288
2,3/4/2025,0.098748313,0.8119142
2,3/5/2025,0.25276251526251525,0.5487783
2,3/6/2025,0.085727513,0.5628938
2,3/7/2025,1.1536789923039923,0.8936959
2,3/10/2025,0.6056375661375661,0.7762812
2,3/11/2025,0.4754761904761905,0.69768214
2,3/12/2025,3.2085436507936507,0.60277563
2,3/13/2025,0.035650793650793655,0.55494165
2,3/14/2025,0.12547110297110298,0.6769627
2,3/17/2025,3.1040251582632536,1.372104
2,3/18/2025,0.2193943278943279,0.63024837
2,3/19/2025,0.478718167,0.533096
2,3/20/2025,0.1420201603951604,0.6165261
2,3/21/2025,0.4496596459096459,0.8625144
2,3/24/2025,1.282130230880231,1.1310879
2,3/25/2025,0.6822817460317461,0.8433099
2,3/26/2025,1.383888888888889,0.6384069
2,3/27/2025,2.1532801973159117,0.6388466
2,3/28/2025,0.15919787851037853,1.0603088
2,3/31/2025,2.811621610845295,5.0889587
20,3/3/2025,0,0.063334115
20,3/4/2025,0,0.0588379
20,3/5/2025,0,0.001255692
20,3/6/2025,0,0.010324359
20,3/7/2025,0,0.056447614
20,3/10/2025,0,-0.004291166
20,3/11/2025,0,-0.002724852
20,3/12/2025,0,-0.005072021
20,3/13/2025,0,-0.02269256
20,3/14/2025,0,-0.01963161
20,3/17/2025,0,0.13421015
20,3/18/2025,0,-0.022913465
20,3/19/2025,0,-0.009716041
20,3/20/2025,0,-0.01184558
20,3/21/2025,0,0.021423884
20,3/24/2025,0,0.04178239
20,3/25/2025,0,-0.007585312
20,3/26/2025,0,-0.017108856
20,3/27/2025,0,-0.03132758
20,3/28/2025,0,-0.004620899
20,3/31/2025,0,0.3397178
22,3/3/2025,9.179199494949495,0.3520562
22,3/4/2025,3.3947468045599622,4.7676215
22,3/5/2025,3.664517246179746,3.3441255
22,3/6/2025,1.951739676989677,2.7661881
22,3/7/2025,12.33466335100085,4.2083473
22,3/10/2025,2.81918186,8.954751
22,3/11/2025,13.280848063973064,5.0311556
22,3/12/2025,9.632552609427611,4.8838477
22,3/13/2025,1.668959054834055,5.329635
22,3/14/2025,11.90638468013468,4.8508034
22,3/17/2025,13.633962955562955,19.867483
22,3/18/2025,9.640758436008436,4.502257
22,3/19/2025,2.5932468045843047,4.2775855
22,3/20/2025,1.114434583934584,4.7473736
22,3/21/2025,13.642391284641285,4.526014
22,3/24/2025,15.551756703944205,15.773107
22,3/25/2025,4.8370494366744365,5.229379
22,3/26/2025,2.8378669265919267,3.9715729
22,3/27/2025,2.16574032,3.9272215
22,3/28/2025,3.53824673,6.1583533
22,3/31/2025,31.786867398804898,39.262547
23,3/3/2025,0,0.578253
23,3/4/2025,13.898521700521702,5.114638
23,3/5/2025,1.7929140442890443,2.648772
23,3/6/2025,2.530356883856884,2.9118733
23,3/7/2025,10.095641103341103,4.055
23,3/10/2025,3.700236324786325,6.7130427
23,3/11/2025,7.030661616161616,5.049972
23,3/12/2025,2.8518962962962964,3.3537416
23,3/13/2025,3.875358385133385,4.442672
23,3/14/2025,4.77593729,3.2419894
23,3/17/2025,10.736388468110837,9.3121805
23,3/18/2025,5.896365811965811,5.0575876
23,3/19/2025,0.38352777777777775,3.3213105
23,3/20/2025,3.4141190859405146,4.026259
23,3/21/2025,7.264814405964406,3.8926947
23,3/24/2025,4.1158419191919196,6.300219
23,3/25/2025,10.132686216561217,5.5779576
23,3/26/2025,10.041564033189033,3.526303
23,3/27/2025,0,2.8174665
23,3/28/2025,0,3.7600906
23,3/31/2025,34.88361026797277,30.165354
25,3/3/2025,0.025,0.05998825
25,3/4/2025,0.089047619,0.18287645
25,3/5/2025,0.052500000000000005,0.047593772
25,3/6/2025,0.046190476,0.07613028
25,3/7/2025,2.21010101,0.22628535
25,3/10/2025,0,0.08475404
25,3/11/2025,0.006666667,0.1741201
25,3/12/2025,0.10083805083805084,0.09035967
25,3/13/2025,0.39856060606060606,0.118901
25,3/14/2025,0.006666667,0.101451896
25,3/17/2025,0.24673826173826174,0.30081075
25,3/18/2025,0.07125,0.13406545
25,3/19/2025,0.468968254,0.06783281
25,3/20/2025,0.1796825396825397,0.123988
25,3/21/2025,0.22785714285714287,0.16936891
25,3/24/2025,0.008095238,0.160302
25,3/25/2025,0.28360291223927586,0.15646169
25,3/26/2025,0.38636641136641137,0.06363871
25,3/27/2025,0.98,0.0641903
25,3/28/2025,0.045833333,0.11613328
25,3/31/2025,0.3779076479076479,0.781283
27,3/3/2025,0.4640404040404041,0.5356627
27,3/4/2025,0.24716113053613054,0.99852455
27,3/5/2025,1.1748762025012025,0.81725603
27,3/6/2025,0.4892741702741703,0.6912995
27,3/7/2025,1.7740732323232322,1.1475459
27,3/10/2025,0.16983386983386983,0.9914273
27,3/11/2025,3.2448864283864283,1.0753688
27,3/12/2025,0.7370555555555556,0.9209678
27,3/13/2025,0.093333333,0.89900464
27,3/14/2025,4.314845862470862,1.0589471
27,3/17/2025,2.0031908656158657,1.3409487
27,3/18/2025,0,0.8662791
27,3/19/2025,0.19970891608391608,0.8334315
27,3/20/2025,2.034395481832982,0.78089297
27,3/21/2025,1.4048546014171013,1.0101058
27,3/24/2025,1.2895905483405483,1.0872623
27,3/25/2025,1.9255263162763163,1.1222309
27,3/26/2025,0.9705218855218855,0.92754316
27,3/27/2025,1.793705808080808,0.85770154
27,3/28/2025,0.25145202020202023,1.3086996
27,3/31/2025,1.5766211457387929,4.1931715
29,3/3/2025,0.29976521164021164,0.43427005
29,3/4/2025,0.8356171717171716,0.9096869
29,3/5/2025,0.807879293,0.66846406
29,3/6/2025,0.18780952380952382,0.6979963
29,3/7/2025,1.3248668442668443,1.2256951
29,3/10/2025,2.2473140572390573,1.5316069
29,3/11/2025,1.2536527777777777,0.917029
29,3/12/2025,0.991015553,0.79573864
29,3/13/2025,3.8647896011396012,0.83748806
29,3/14/2025,0.5477460317460318,0.99781454
29,3/17/2025,4.294451653901654,3.3545969
29,3/18/2025,1.998743650793651,0.93425804
29,3/19/2025,1.1608248556998557,0.73589754
29,3/20/2025,0.35227777777777775,0.9035399
29,3/21/2025,0.2562415343915344,1.322586
29,3/24/2025,1.2381327764827765,2.2928493
29,3/25/2025,0.006944444,1.2485037
29,3/26/2025,0.9293731546231546,0.9559182
29,3/27/2025,0.5396904761904762,0.7388934
29,3/28/2025,1.3970183242683243,1.2709086
29,3/31/2025,14.617354202571308,10.664119
3,3/3/2025,8.141900816,18.671482
3,3/4/2025,17.155900865939262,31.572807
3,3/5/2025,22.829066401746125,22.245537
3,3/6/2025,9.024765817991286,23.483435
3,3/7/2025,24.265430407622695,26.262152
3,3/10/2025,17.23806058881206,30.785477
3,3/11/2025,23.45372077262907,29.391613
3,3/12/2025,24.67544693544664,22.72725
3,3/13/2025,13.73903359541354,29.965363
3,3/14/2025,11.451954404591628,25.697319
3,3/17/2025,45.67435605410912,42.642532
3,3/18/2025,19.96686873783796,21.189594
3,3/19/2025,27.836266847739363,19.993107
3,3/20/2025,8.964038195,25.1312
3,3/21/2025,35.39244123530136,24.424858
3,3/24/2025,37.08697862,43.397312
3,3/25/2025,19.260796314733366,31.532032
3,3/26/2025,14.96134140449033,28.936092
3,3/27/2025,17.712209845748394,33.48108
3,3/28/2025,13.668429681552608,34.172462
3,3/31/2025,79.00005118,79.679436
30,3/3/2025,0,0.19042338
30,3/4/2025,0.1648148148148148,0.23528728
30,3/5/2025,0,0.13435163
30,3/6/2025,0.52,0.1680627
30,3/7/2025,0,0.27252916
30,3/10/2025,0,0.6118308
30,3/11/2025,0.011111111111111112,0.16986166
30,3/12/2025,1.75,0.13492866
30,3/13/2025,0,0.11809806
30,3/14/2025,2.152274050768856,0.16245575
30,3/17/2025,0.02,0.8905017
30,3/18/2025,0.05625,0.096389875
30,3/19/2025,0,0.11555125
30,3/20/2025,0,0.11059584
30,3/21/2025,0.3516666666666667,0.16910465
30,3/24/2025,0.11,0.5839436
30,3/25/2025,0.037777778,0.118118666
30,3/26/2025,0,0.08016362
30,3/27/2025,0,0.06497044
30,3/28/2025,0,0.12559202
30,3/31/2025,0.28023737373737373,2.1358547
33,3/3/2025,0,0.2909146
33,3/4/2025,0.017777777777777778,0.512156
33,3/5/2025,1.5594484126984127,0.33180866
33,3/6/2025,0.26590909090909093,0.39724153
33,3/7/2025,1.0818205128205127,0.6290807
33,3/10/2025,0,0.8175973
33,3/11/2025,0.046333333,0.57535625
33,3/12/2025,3.892761396011396,0.41624784
33,3/13/2025,0.024,0.37988678
33,3/14/2025,0.19808127058127056,0.48261574
33,3/17/2025,4.204545033670033,1.3363289
33,3/18/2025,0,0.36216965
33,3/19/2025,2.336375661375661,0.30048272
33,3/20/2025,2.412888888888889,0.36906937
33,3/21/2025,0.7280740740740741,0.5152888
33,3/24/2025,2.001914141414141,1.1573193
33,3/25/2025,0.044444444,0.6348648
33,3/26/2025,0.001428571,0.4406327
33,3/27/2025,0,0.43010598
33,3/28/2025,0.054,0.63315433
33,3/31/2025,5.722546822621823,4.219387
34,3/3/2025,0.47809523809523813,0.20107153
34,3/4/2025,0,0.5004369
34,3/5/2025,5.071893939,0.23018664
34,3/6/2025,0.24,0.23336759
34,3/7/2025,0.008333333,0.37218145
34,3/10/2025,2.393809523809524,0.20697865
34,3/11/2025,8.537472527472527,0.2514941
34,3/12/2025,3.571380471380471,0.1992167
34,3/13/2025,1.487121212121212,0.20725928
34,3/14/2025,0.024047619047619047,0.2295105
34,3/17/2025,0.1090079365079365,1.1143807
34,3/18/2025,0.15555555555555556,0.45779878
34,3/19/2025,0.063952381,0.32955644
34,3/20/2025,0.4366666666666667,0.29223046
34,3/21/2025,0.13892857142857143,0.36460546
34,3/24/2025,0,0.5144187
34,3/25/2025,0,0.3748123
34,3/26/2025,0,0.19602965
34,3/27/2025,2.1485714285714286,0.17457846
34,3/28/2025,0,0.24502686
34,3/31/2025,6.269035714285715,1.8993148
4,3/3/2025,0.19333333333333333,0.14489546
4,3/4/2025,0.088095238,0.32642096
4,3/5/2025,0.04,0.09199579
4,3/6/2025,0.7810012210012209,0.15181589
4,3/7/2025,0.07750947,0.23050925
4,3/10/2025,0.9254166666666667,0.32074365
4,3/11/2025,19.13903133903134,0.14714523
4,3/12/2025,7.096303418803418,0.07009753
4,3/13/2025,0.38666666666666666,0.08556243
4,3/14/2025,0.027407407407407408,0.09306841
4,3/17/2025,0.787973138,1.0387675
4,3/18/2025,0,0.19197556
4,3/19/2025,0.2670138888888889,0.117726155
4,3/20/2025,7.853705738705739,0.22874215
4,3/21/2025,6.197161172161172,0.24882941
4,3/24/2025,0.9743614718614718,0.42623228
4,3/25/2025,0.2513095238095238,0.31631494
4,3/26/2025,0.008333333,0.24793236
4,3/27/2025,17.473556776556777,0.29853478
4,3/28/2025,0.251140873,0.36737534
4,3/31/2025,0.8506926406926407,4.387034
40,3/3/2025,0.856904762,0.20758711
40,3/4/2025,0,0.36694282
40,3/5/2025,0,0.26544678
40,3/6/2025,0.062626263,0.29106474
40,3/7/2025,0.3733876308876309,0.4110497
40,3/10/2025,8.004570707070707,0.35123304
40,3/11/2025,0.305982906,0.29834142
40,3/12/2025,0.28228174603174605,0.3449557
40,3/13/2025,9,0.28487664
40,3/14/2025,0.028571429,0.26994953
40,3/17/2025,0.40812686387686387,0.78113264
40,3/18/2025,0.24870532245532245,0.35511807
40,3/19/2025,0.8242568542568542,0.34551698
40,3/20/2025,0.01,0.4200822
40,3/21/2025,0.251005661,0.4165701
40,3/24/2025,0.2691007511007511,0.7089984
40,3/25/2025,0.070603355,0.4715465
40,3/26/2025,0.29583333333333334,0.3157059
40,3/27/2025,6.223015873015873,0.25088823
40,3/28/2025,0.06875,0.4378942
40,3/31/2025,0.35195508658008656,1.9217342
44,3/3/2025,0,0.05788589
44,3/4/2025,0.19925,0.0943913
44,3/5/2025,0,0.022637436
44,3/6/2025,0.27805555555555556,0.035726894
44,3/7/2025,0.076785714,0.122906655
44,3/10/2025,0.27250185185185183,0.04406201
44,3/11/2025,0.093809524,0.05234863
44,3/12/2025,1.75,0.048815608
44,3/13/2025,0,0.048987884
44,3/14/2025,2.3415277777777774,0.07898299
44,3/17/2025,0,0.41208905
44,3/18/2025,0,0.06442557
44,3/19/2025,0,0.034446064
44,3/20/2025,0,0.04904851
44,3/21/2025,0.13825396825396827,0.109478086
44,3/24/2025,0.3394825998075998,0.15946613
44,3/25/2025,2.100595238095238,0.08239964
44,3/26/2025,0,0.04276447
44,3/27/2025,0.2851851851851852,0.023312848
44,3/28/2025,0,0.086970724
44,3/31/2025,1.08354798,1.1708068
45,3/3/2025,0,0.028207961
45,3/4/2025,0,0.020155141
45,3/5/2025,3.6875,0.00663493
45,3/6/2025,0,-0.002581106
45,3/7/2025,0,0.059140805
45,3/10/2025,0,-0.014901543
45,3/11/2025,0,2.2059956e-05
45,3/12/2025,0,0.001951845
45,3/13/2025,0,-0.017865775
45,3/14/2025,0,-0.010259725
45,3/17/2025,0,0.027309181
45,3/18/2025,0,-0.00205534
45,3/19/2025,4.958,0.004244166
45,3/20/2025,0,0.006270669
45,3/21/2025,6.672698412698413,0.03353801
45,3/24/2025,0,0.00393404
45,3/25/2025,0,0.029183121
45,3/26/2025,0,0.017892908
45,3/27/2025,0,-0.008665289
45,3/28/2025,0,0.014133
45,3/31/2025,0,0.027546804
46,3/3/2025,0.026666667,0.32041016
46,3/4/2025,0.1428030303030303,0.5461729
46,3/5/2025,0.14956565656565657,0.3685209
46,3/6/2025,1.488368686868687,0.4189959
46,3/7/2025,0.589402862,0.610748
46,3/10/2025,1.027058857808858,0.91331655
46,3/11/2025,0.2984517288267288,0.4828582
46,3/12/2025,0.36605115255115256,0.46259817
46,3/13/2025,0.002953704,0.45286065
46,3/14/2025,0.8070247715247716,0.5849472
46,3/17/2025,3.123588578088578,1.5095137
46,3/18/2025,0.050284091,0.30850986
46,3/19/2025,0.339361532,0.2886313
46,3/20/2025,0.21640591815591817,0.29915577
46,3/21/2025,0.6282777777777777,0.48126966
46,3/24/2025,2.3014688228438227,1.1343228
46,3/25/2025,1.0468546176046176,0.42544654
46,3/26/2025,1.2515574934324933,0.33749497
46,3/27/2025,0.29507575757575755,0.2855909
46,3/28/2025,0.15755429292929293,0.61577046
46,3/31/2025,2.69939899,5.343495
5,3/3/2025,0.6089583333333334,0.56250274
5,3/4/2025,0.4340964590964591,0.9720478
5,3/5/2025,1.5550000000000002,0.6380365
5,3/6/2025,0.43452380952380953,0.678929
5,3/7/2025,0.15000000000000002,1.0351509
5,3/10/2025,0.920952381,1.3318206
5,3/11/2025,1.1118452380952382,0.88093036
5,3/12/2025,1.1990934065934067,0.73087287
5,3/13/2025,0.6228994790898815,0.7690197
5,3/14/2025,0.446903276,0.93970144
5,3/17/2025,7.457230364664575,2.1789877
5,3/18/2025,1.1,0.71098834
5,3/19/2025,0.7577278971028971,0.5750224
5,3/20/2025,0.1319047619047619,0.7531086
5,3/21/2025,4.971446608946609,1.0468845
5,3/24/2025,1.423561568061568,1.7509928
5,3/25/2025,0,1.0682266
5,3/26/2025,0.083008658,0.8559855
5,3/27/2025,0.7195726495726495,0.8509373
5,3/28/2025,0.2775,1.3156254
5,3/31/2025,6.555876619489976,5.802618
52,3/3/2025,0.12175685425685426,0.43767735
52,3/4/2025,0.4166504403004403,0.77798855
52,3/5/2025,0.9452421633921634,0.46265575
52,3/6/2025,1.1468231028231028,0.57370174
52,3/7/2025,1.29732505,0.9437765
52,3/10/2025,0.053643939,1.8391949
52,3/11/2025,0.6670788840788842,1.021427
52,3/12/2025,0.3323738668738669,0.7377633
52,3/13/2025,0.15918942168942168,0.8909483
52,3/14/2025,0.6229155400155401,0.9044399
52,3/17/2025,1.57534397,2.029287
52,3/18/2025,5.297302284752284,0.525103
52,3/19/2025,4.0587731,0.3785898
52,3/20/2025,0.080288462,0.5002599
52,3/21/2025,0.6487457912457912,0.8895109
52,3/24/2025,2.7023647352647355,2.3760426
52,3/25/2025,0.6715144716394716,0.9517744
52,3/26/2025,0.4665582750582751,0.756234
52,3/27/2025,2.176113357938358,0.643276
52,3/28/2025,0.9184623617123618,1.01609
52,3/31/2025,10.773801912901913,8.342398
53,3/3/2025,0,0.023247534
53,3/4/2025,0,0.017654529
53,3/5/2025,0,-0.003409954
53,3/6/2025,0,-0.002453446
53,3/7/2025,4.816017316017316,0.02787026
53,3/10/2025,0,-0.013398588
53,3/11/2025,0,-0.004454963
53,3/12/2025,0,-0.006391586
53,3/13/2025,0,-0.00823111
53,3/14/2025,4.94,-0.021717807
53,3/17/2025,0.6947087634587634,0.037764113
53,3/18/2025,1.052910052910053,0.007182474
53,3/19/2025,0.6214285714285714,0.002359883
53,3/20/2025,0,0.027124884
53,3/21/2025,0,0.006680356
53,3/24/2025,0,0.006683859
53,3/25/2025,0,0.011255506
53,3/26/2025,0,-0.010917012
53,3/27/2025,1.0625,-0.01667923
53,3/28/2025,0,-0.01570121
53,3/31/2025,0,0.027561776
54,3/3/2025,0.15833333333333333,0.30890453
54,3/4/2025,0,1.0220084
54,3/5/2025,0.019047619,1.4014635
54,3/6/2025,0.1375,0.8507472
54,3/7/2025,9.020238095238096,1.7062838
54,3/10/2025,0,2.3857768
54,3/11/2025,1.3704761904761906,0.9396484
54,3/12/2025,0.012857142857142857,1.199099
54,3/13/2025,6,0.9624277
54,3/14/2025,0.8,1.4480989
54,3/17/2025,4,2.3912969
54,3/18/2025,0,1.2315664
54,3/19/2025,4.301688034188034,1.28408
54,3/20/2025,0.1619047619047619,0.8680041
54,3/21/2025,0.004545455,1.5869254
54,3/24/2025,0.0008,3.398141
54,3/25/2025,0.14270833333333333,1.127849
54,3/26/2025,4.016666666666667,1.3238637
54,3/27/2025,16.201587301587303,0.8178588
54,3/28/2025,0,1.3573785
54,3/31/2025,0.5773892773892774,8.467221
6,3/3/2025,0,0.37679043
6,3/4/2025,6.21484127,5.925317
6,3/5/2025,0,4.892046
6,3/6/2025,2.5880772005772004,3.8051832
6,3/7/2025,9.443570387945389,6.0918593
6,3/10/2025,0.7154761904761905,4.3796635
6,3/11/2025,20.140275927775928,6.949943
6,3/12/2025,25.89149792799793,5.63051
6,3/13/2025,3.8443722943722944,3.648315
6,3/14/2025,5.712914862914863,4.8665066
6,3/17/2025,6.121482683982684,6.3372083
6,3/18/2025,5.189814814814815,5.60439
6,3/19/2025,8.554761904761904,5.1892166
6,3/20/2025,8.2076443,4.667729
6,3/21/2025,12.50232142857143,6.0073433
6,3/24/2025,11.425223214285714,5.9476233
6,3/25/2025,37.36833333333333,6.8666763
6,3/26/2025,6.371375957375958,6.184864
6,3/27/2025,10.74528047878048,4.9413652
6,3/28/2025,11.064947811447812,7.5102444
6,3/31/2025,9.652060052293386,10.530064
68,3/3/2025,0,1.1573993
68,3/4/2025,0,0.44485757
68,3/5/2025,0.004,0.102198295
68,3/6/2025,0,0.29314908
68,3/7/2025,0.6967171717171717,0.0801453
68,3/10/2025,15.730442751692753,6.451286
68,3/11/2025,0,0.1648572
68,3/12/2025,0.092592593,0.0653358
68,3/13/2025,0,0.10178131
68,3/14/2025,0.18688690476190478,0.0796297
68,3/17/2025,8.111463950863952,9.386184
68,3/18/2025,0.033948413,0.3308884
68,3/19/2025,0,0.08641802
68,3/20/2025,0,0.115198135
68,3/21/2025,0.4589069957819958,0.07379757
68,3/24/2025,8.209763403263404,5.4612327
68,3/25/2025,0,0.16466475
68,3/26/2025,0,0.041454613
68,3/27/2025,0,0.040199444
68,3/28/2025,0,0.070872635
68,3/31/2025,34.77548484848485,18.992353
69,3/3/2025,0,0.24518478
69,3/4/2025,0,0.5720833
69,3/5/2025,0,0.26528135
69,3/6/2025,0,0.39786997
69,3/7/2025,0,0.5014887
69,3/10/2025,0.32430555555555557,0.60139906
69,3/11/2025,0.3734848484848485,0.30300486
69,3/12/2025,0,0.21536578
69,3/13/2025,0.053156566,0.2742269
69,3/14/2025,0.31875000000000003,0.27948108
69,3/17/2025,13.121785353535353,1.0025259
69,3/18/2025,0,0.18052079
69,3/19/2025,0.6222222222222221,0.13259651
69,3/20/2025,0.5976641414141414,0.21077427
69,3/21/2025,0.005555556,0.3552039
69,3/24/2025,4.060348484848485,1.1181544
69,3/25/2025,0,0.32380986
69,3/26/2025,0,0.26825148
69,3/27/2025,0,0.3259435
69,3/28/2025,0,0.5146488
69,3/31/2025,13.025957431457432,4.909116
7,3/3/2025,0.11716422003922004,1.0239141
7,3/4/2025,5.120149780480856,2.455397
7,3/5/2025,2.051884738154715,2.1593544
7,3/6/2025,4.9456848521848515,1.6036298
7,3/7/2025,1.177185606060606,3.0264692
7,3/10/2025,3.933987213018463,6.7711453
7,3/11/2025,1.4435771746771746,2.8348856
7,3/12/2025,1.0400260700099486,2.796402
7,3/13/2025,4.195092640917407,2.334887
7,3/14/2025,0.44095838883338884,2.408841
7,3/17/2025,4.469014669174716,10.980692
7,3/18/2025,2.715448704073704,2.74933
7,3/19/2025,8.017602730851271,2.5656297
7,3/20/2025,1.5523425227334107,1.7601085
7,3/21/2025,5.486435288396271,2.9090545
7,3/24/2025,8.782952713,8.950496
7,3/25/2025,1.5734064176564178,3.1216452
7,3/26/2025,6.738080596281531,2.71694
7,3/27/2025,2.2575528166278165,1.7673494
7,3/28/2025,2.6410742037376833,3.046726
7,3/31/2025,20.943498502423502,29.01651
78,3/3/2025,0,0.40624398
78,3/4/2025,0,0.75150293
78,3/5/2025,1.4777020202020201,0.4657544
78,3/6/2025,1.87249519,0.438102
78,3/7/2025,4.230857623857624,0.8888736
78,3/10/2025,0.35185845635845636,1.0970458
78,3/11/2025,1.013092231842232,0.77628726
78,3/12/2025,2.3182137307137305,0.62769955
78,3/13/2025,1.0826430976430976,0.7882852
78,3/14/2025,2.3412698412698414,0.9658246
78,3/17/2025,1.0557692307692308,2.380032
78,3/18/2025,0.5,0.67390203
78,3/19/2025,0,0.49504098
78,3/20/2025,4.385688201,0.63107926
78,3/21/2025,0.08,0.8859463
78,3/24/2025,0.7457142857142857,1.179102
78,3/25/2025,1.912938912938913,0.6975827
78,3/26/2025,0.8107196969696969,0.6035526
78,3/27/2025,0.9989646464646464,0.5041189
78,3/28/2025,2.2053968253968255,0.9526267
78,3/31/2025,0.9744047619047619,4.932311
8,3/3/2025,3.763631271506272,0.3559776
8,3/4/2025,0.45633345358345356,0.9624726
8,3/5/2025,4.336942293817294,0.85645187
8,3/6/2025,0.4633018648018648,0.7952929
8,3/7/2025,0.8880214230214231,1.5480653
8,3/10/2025,3.4693611388611387,4.497604
8,3/11/2025,0.49937981,1.1959268
8,3/12/2025,0.6390460742960743,1.0470431
8,3/13/2025,8.387739917489917,1.0359985
8,3/14/2025,1.282819153069153,1.1916263
8,3/17/2025,17.437029359529358,7.8567896
8,3/18/2025,0.5251530691530691,1.0782552
8,3/19/2025,0.6788538961038961,1.0624115
8,3/20/2025,3.3591140572390574,1.2314907
8,3/21/2025,0.9117927766677767,1.6020725
8,3/24/2025,4.373558927183927,4.6585684
8,3/25/2025,1.0869891219891221,1.2809702
8,3/26/2025,0.3738888888888889,1.2254295
8,3/27/2025,0.29209392,0.988068
8,3/28/2025,0.7606289682539682,1.5705816
8,3/31/2025,9.746328326303326,17.62073
9,3/3/2025,1.062878787878788,0.5147517
9,3/4/2025,7.757854910829911,2.3768592
9,3/5/2025,2.7967602073852076,2.1391394
9,3/6/2025,3.2701780488030487,1.5404745
9,3/7/2025,6.0045958,2.9883077
9,3/10/2025,9.800677231102231,5.3383827
9,3/11/2025,1.7570885498760498,2.254823
9,3/12/2025,5.150201714951715,2.8187683
9,3/13/2025,1.1439641284641284,2.1389549
9,3/14/2025,4.21268056,2.5941973
9,3/17/2025,8.754463,12.8420515
9,3/18/2025,3.0570757136382136,2.6137302
9,3/19/2025,3.182576236726237,2.7600942
9,3/20/2025,4.859001655751656,1.8952186
9,3/21/2025,4.381269466644467,2.9060743
9,3/24/2025,5.861812876937877,8.643486
9,3/25/2025,3.6633555745180746,3.2889168
9,3/26/2025,2.4845141691641692,2.5740318
9,3/27/2025,1.831080673955674,1.6510475
9,3/28/2025,1.9985598105598106,3.4078066
9,3/31/2025,41.87536858974359,41.76176
,,,
,,,
,,,
,,,
,,,
,,,
,,,
,,,
,,,
,,,
,,,
,,,
,,,
,,,
,,,
,,,
,,,
,,,
,,,
,,,
,,,
,,,
,,,
,,,
,,,
,,,
,,,
,,,
,,,
,,,
,,,
,,,
,,,
,,,
,,,
,,,
,,,
,,,
,,,
,,,
,,,
,,,
